Team,Transfer Type,Player,Age,Nationality,Position,Market Value,From Club,Fee,Year
Atalanta BC,In,Alberto Paloschi,26,Italy,CF,6000000,Swansea City,6700000,2016
Atalanta BC,In,Bryan Cabezas,19,Ecuador,LW,1200000,Independiente del Valle,2500000,2016
Atalanta BC,In,Gianluca Mancini,20,Italy,CB,200000,AC Perugia Calcio,1900000,2016
Atalanta BC,In,Hans Hateboer,23,Netherlands,RB,1000000,FC Groningen,1040000,2016
Atalanta BC,In,Alessandro Santopadre,18,Italy,GK,75000,AC Perugia Calcio,1000000,2016
Atalanta BC,In,Nicolò Fazzi,21,Italy,CB,400000,AC Perugia Calcio,700000,2016
Atalanta BC,In,Abdoulay Konko,32,"France, Morocco",RB,900000,SS Lazio,0,2016
Atalanta BC,In,Alessandro Bastoni,17,Italy,CB,75000,Atalanta Primavera,Other,2016
Atalanta BC,In,Stefano Mazzini,17,Italy,GK,75000,Atalanta Primavera,Other,2016
Atalanta BC,Out,Mattia Caldara,22,Italy,CB,800000,Juventus FC,19000000,2016
Atalanta BC,Out,Marten de Roon,25,Netherlands,DM,7000000,Middlesbrough FC,10500000,2016
Atalanta BC,Out,Davide Brivio,28,Italy,LB,Other,Genoa CFC,4000000,2016
Atalanta BC,Out,Luca Cigarini,30,Italy,DM,200000,UC Sampdoria,3500000,2016
Atalanta BC,Out,Richmond Boakye,23,Ghana,CF,300000,US Latina Calcio,2000000,2016
Atalanta BC,Out,Matteo Ardemagni,29,Italy,CF,Other,US Avellino 1912,0,2016
Atalanta BC,Out,Rubén Bentancourt,23,"Uruguay, Italy",CF,700000,Defensa y Justicia,0,2016
Atalanta BC,Out,Guglielmo Stendardo,35,Italy,CB,Other,Delfino Pescara 1936,0,2016
Atalanta BC,Out,Alessandro Marchini,20,Italy,CM,Other,1913 Seregno Calcio,0,2016
Atalanta BC,Out,Simone Magnaghi,22,Italy,CF,150000,Taranto FC 1927,0,2016
Atalanta BC,Out,Marco Borriello,34,Italy,CF,Other,Cagliari Calcio,0,2016
Atalanta BC,Out,Dávid Forgács,20,Hungary,LB,Other,US Ancona,0,2016
Atalanta BC,Out,Carlos Carmona,29,Chile,DM,Other,Atlanta United FC,0,2016
Atalanta BC,Out,Riccardo Cazzola,30,Italy,DM,Other,US Alessandria Calcio 1912,Other,2016
Atalanta BC,Out,Faisal Bangal,21,Mozambique,CF,75000,KF Teuta,Other,2016
Atalanta BC,Out,Nicolas Napol,20,"Belgium, France",CF,Other,Without Club,Other,2016
Atalanta BC,Out,Davide Bassi,31,Italy,GK,Other,Without Club,Other,2016
Atalanta BC,Out,Gianpaolo Bellini,36,Italy,LB,Other,Retired,Other,2016
Atalanta BC,Out,Luigi Badji Djibo,21,"Burkina Faso, Italy",CB,Other,Without Club,Other,2016
Bologna FC 1909,In,Simone Verdi,23,Italy,AM,2000000,AC Milan,6400000,2016
Bologna FC 1909,In,Luca Rizzo,24,Italy,CM,3500000,UC Sampdoria,6000000,2016
Bologna FC 1909,In,Godfred Donsah,20,Ghana,CM,5000000,Cagliari Calcio,5000000,2016
Bologna FC 1909,In,Ladislav Krejci,24,Czech Republic,LM,4000000,AC Sparta Prague,3800000,2016
Bologna FC 1909,In,Lorenzo Crisetig,23,Italy,DM,3300000,Inter Milan,2700000,2016
Bologna FC 1909,In,Ádám Nagy,21,Hungary,DM,1500000,Ferencvárosi TC,1800000,2016
Bologna FC 1909,In,Federico Di Francesco,22,Italy,LW,1000000,SS Virtus Lanciano,1400000,2016
Bologna FC 1909,In,Blerim Dzemaili,30,"Switzerland, Albania",CM,3500000,Galatasaray,1300000,2016
Bologna FC 1909,In,Bruno Petkovic,22,Croatia,CF,1200000,Trapani Calcio,1300000,2016
Bologna FC 1909,In,Juan Valencia,18,Colombia,CM,500000,Internacional de Palmira,500000,2016
Bologna FC 1909,In,Deian Boldor,21,Romania,CB,100000,SS Virtus Lanciano,200000,2016
Bologna FC 1909,In,Lorenzo Musto,20,Italy,CF,200000,SEF Torres 1903,0,2016
Bologna FC 1909,In,Filippo Perucchini,24,"Italy, Bolivia",GK,300000,US Lecce,0,2016
Bologna FC 1909,In,Vasilios Torosidis,31,Greece,RB,2000000,AS Roma,0,2016
Bologna FC 1909,In,Andrea Vassallo,18,Italy,LW,250000,Milan Primavera,0,2016
Bologna FC 1909,In,Orji Okwonkwo,18,Nigeria,RW,50000,Bologna Primavera,Other,2016
Bologna FC 1909,In,Mouhamadou Sarr,19,"Senegal, Italy",GK,75000,Bologna Primavera,Other,2016
Bologna FC 1909,In,Adama Fofana,27,Cote d'Ivoire,CF,50000,Without Club,Other,2016
Bologna FC 1909,Out,Amadou Diawara,19,Guinea,DM,1000000,SSC Napoli,14500000,2016
Bologna FC 1909,Out,Luca Rossettini,31,Italy,CB,Other,Torino FC,1980000,2016
Bologna FC 1909,Out,Marco Crimi,26,Italy,CM,75000,Carpi FC 1909,500000,2016
Bologna FC 1909,Out,Sergio Floccari,35,Italy,CF,Other,SPAL 2013,0,2016
Bologna FC 1909,Out,Archimede Morleo,33,Italy,LB,Other,FC Bari 1908,0,2016
Bologna FC 1909,Out,Matteo Brighi,35,Italy,CM,Other,AC Perugia Calcio,0,2016
Bologna FC 1909,Out,Franco Brienza,37,Italy,AM,Other,FC Bari 1908,0,2016
Bologna FC 1909,Out,Dejan Stojanovic,23,Austria,GK,600000,FC St. Gallen 1879,0,2016
Bologna FC 1909,Out,Robert Acquafresca,29,"Italy, Poland",CF,Other,Ternana Calcio,0,2016
Bologna FC 1909,Out,Franco Zuculini,25,"Argentina, Italy",CM,Other,Hellas Verona,0,2016
Bologna FC 1909,Out,Matteo Mancosu,32,Italy,CF,Other,Montreal Impact,Other,2016
Bologna FC 1909,Out,Luca Ceccarelli,33,Italy,RB,Other,Without Club,Other,2016
Bologna FC 1909,Out,Kévin Constant,29,"Guinea, France",LB,Other,Without Club,Other,2016
Bologna FC 1909,Out,Luca Camorani,20,Italy,CB,Other,Without Club,Other,2016
Cagliari Calcio,In,Artur Ioniță,25,"Moldova, Romania",CM,1800000,Hellas Verona,4500000,2016
Cagliari Calcio,In,Mauricio Isla,28,Chile,RB,6000000,Juventus FC,4000000,2016
Cagliari Calcio,In,Simone Padoin,32,Italy,CM,1500000,Juventus FC,590000,2016
Cagliari Calcio,In,Kwang-song Han,18,"Korea, North",CF,Other,ISM Academy,480000,2016
Cagliari Calcio,In,Rafael,34,"Brazil, Italy",GK,600000,Hellas Verona,150000,2016
Cagliari Calcio,In,Bruno Alves,34,"Portugal, Brazil",CB,2000000,Fenerbahce,0,2016
Cagliari Calcio,In,Marko Pajac,23,Croatia,LB,300000,NK Celje,0,2016
Cagliari Calcio,In,Marco Borriello,34,Italy,CF,800000,Atalanta BC,0,2016
Cagliari Calcio,In,Luca Crosta,19,Italy,GK,50000,Cagliari Primavera,Other,2016
Cagliari Calcio,Out,Godfred Donsah,20,Ghana,CM,250000,Bologna FC 1909,5000000,2016
Cagliari Calcio,Out,Davide Astori,29,Italy,CB,Other,ACF Fiorentina,4000000,2016
Cagliari Calcio,Out,Simone Benedetti,24,Italy,CB,175000,Virtus Entella,500000,2016
Cagliari Calcio,Out,Alessandro Masia,20,Italy,AM,Other,AC Tuttocuoio,0,2016
Cagliari Calcio,Out,Antonio Loi,19,Italy,LW,50000,Modena FC,0,2016
Cagliari Calcio,Out,Andrea Demontis,21,Italy,CM,100000,AS Melfi,0,2016
Cagliari Calcio,Out,Gianni Munari,33,Italy,CM,Other,Parma Calcio 1913,0,2016
Cagliari Calcio,Out,Antonio Cinelli,26,Italy,CM,75000,Chievo Verona,0,2016
Cagliari Calcio,Out,Marco Storari,40,Italy,GK,Other,AC Milan,Other,2016
Cagliari Calcio,Out,Luigi Usai,20,"Italy, Germany",RB,Other,Without Club,Other,2016
Chievo Verona,In,Mattia Bani,22,Italy,CB,500000,FC Pro Vercelli 1892,6150000,2016
Chievo Verona,In,Paul-José Mpoku,24,"DR Congo, Belgium",AM,4000000,Standard Liège,4000000,2016
Chievo Verona,In,Samuel Bastien,19,"DR Congo, Belgium",CM,800000,RSC Anderlecht,1300000,2016
Chievo Verona,In,Antonio Floro Flores,33,Italy,CF,1500000,US Sassuolo,600000,2016
Chievo Verona,In,Fabrizio Cacciatore,29,Italy,RB,1300000,UC Sampdoria,522000,2016
Chievo Verona,In,Fabrizio Danese,21,Italy,CB,25000,Nuorese Calcio,0,2016
Chievo Verona,In,Federico Alonzi,19,Italy,CF,125000,Nuorese Calcio,0,2016
Chievo Verona,In,Stefano Sorrentino,37,Italy,GK,800000,US Palermo,0,2016
Chievo Verona,In,Sérgio Cruz,27,Brazil,CF,125000,AC Lumezzane,0,2016
Chievo Verona,In,Antonio Cinelli,26,Italy,CM,600000,Cagliari Calcio,0,2016
Chievo Verona,In,Fabio Daprelà,25,"Switzerland, Italy",CB,600000,Carpi FC 1909,0,2016
Chievo Verona,In,Luca Baldassin,22,Italy,CM,250000,Calcio Padova,Other,2016
Chievo Verona,Out,Simone Moschin,20,Italy,GK,200000,FC Pro Vercelli 1892,4000000,2016
Chievo Verona,Out,Nikola Ninkovic,21,Serbia,AM,200000,Genoa CFC,1500000,2016
Chievo Verona,Out,Isaac Ntow,22,Ghana,LB,Other,SS Sambenedettese,0,2016
Chievo Verona,Out,Armando Vajushi,24,"Albania, Bulgaria",LW,Other,FC Pro Vercelli 1892,0,2016
Chievo Verona,Out,Fabian Sporkslede,22,"Suriname, Netherlands",DM,Other,NAC Breda,0,2016
Chievo Verona,Out,Edimar,30,Brazil,LB,Other,Cruzeiro Esporte Clube,0,2016
Chievo Verona,Out,Simone Pepe,32,Italy,RW,Other,Delfino Pescara 1936,0,2016
Chievo Verona,Out,Giampiero Pinzi,35,Italy,CM,Other,Brescia Calcio,0,2016
Chievo Verona,Out,Oliver Posarelli,20,Italy,CB,Other,MSUB Yellowjackets (Montana State Uni Billings),0,2016
Chievo Verona,Out,Lorenzo Marchionni,21,Italy,LW,Other,Pro Piacenza 1919,0,2016
Chievo Verona,Out,Albano Bizzarri,38,"Argentina, Italy",GK,Other,Delfino Pescara 1936,0,2016
Chievo Verona,Out,Andrea Ghirardi,20,Italy,SS,Other,Correggese Calcio 1948,Other,2016
Chievo Verona,Out,Filippo Di Maio,19,Italy,CB,Other,AC Este 1920,Other,2016
FC Crotone,In,Ante Budimir,24,Croatia,CF,3000000,FC St. Pauli,1000000,2016
FC Crotone,In,Noë Dussenne,24,Belgium,CB,1500000,Royal Excel Mouscron (-2022),950000,2016
FC Crotone,In,Federico Ceccherini,24,Italy,CB,700000,AS Livorno,900000,2016
FC Crotone,In,Simy,24,Nigeria,CF,1000000,Portimonense SC,850000,2016
FC Crotone,In,Leonardo Capezzi,21,Italy,CM,1300000,ACF Fiorentina,700000,2016
FC Crotone,In,Maxwell Acosty,25,"Ghana, Italy",RW,1000000,US Latina Calcio,600000,2016
FC Crotone,In,Marcus Rohdén,25,Sweden,CM,1100000,IF Elfsborg,500000,2016
FC Crotone,In,Nicolò Fazzi,21,Italy,CB,400000,ACF Fiorentina,200000,2016
FC Crotone,In,Mario Sampirisi,23,Italy,RB,900000,Vicenza Calcio,0,2016
FC Crotone,In,Aleksandar Tonev,26,Bulgaria,LW,800000,Frosinone Calcio,0,2016
FC Crotone,In,Andrea Scicchitano,24,Italy,CM,50000,SS Racing Club Roma,0,2016
FC Crotone,In,Djamel Mesbah,31,"Algeria, France",LB,400000,UC Sampdoria,0,2016
FC Crotone,In,Andrea Mazzarani,26,Italy,AM,700000,Modena FC,0,2016
FC Crotone,In,Cazim Suljic,19,"Bosnia-Herzegovina, France",CM,150000,AS Saint-Étienne B,0,2016
FC Crotone,In,Andrea Nalini,26,Italy,RW,250000,US Salernitana 1919,0,2016
FC Crotone,In,Giuseppe Cuomo,18,Italy,CB,175000,Crotone Primavera,Other,2016
FC Crotone,In,Aniello Viscovo,17,Italy,GK,175000,Crotone Primavera,Other,2016
FC Crotone,Out,Gian Marco Ferrari,24,Italy,CB,1400000,US Sassuolo,4000000,2016
FC Crotone,Out,Ante Budimir,24,Croatia,CF,5000000,UC Sampdoria,1800000,2016
FC Crotone,Out,Leonardo Capezzi,21,Italy,CM,200000,UC Sampdoria,1000000,2016
FC Crotone,Out,Nicolò Fazzi,21,Italy,CB,150000,AC Perugia Calcio,700000,2016
FC Crotone,Out,Raffaele Palladino,32,Italy,LW,Other,Genoa CFC,250000,2016
FC Crotone,Out,Giuseppe Torromino,28,Italy,SS,Other,US Lecce,0,2016
FC Crotone,Out,Michele Cremonesi,28,Italy,CB,Other,SPAL 2013,0,2016
FC Crotone,Out,Davide Leto,21,Italy,CM,Other,Avezzano Calcio,0,2016
FC Crotone,Out,Aniello Salzano,25,Italy,DM,100000,FC Bari 1908,0,2016
FC Crotone,Out,Tomislav Saric,26,Croatia,CM,Other,RNK Split,0,2016
FC Crotone,Out,Davide Voltan,21,Italy,AM,100000,Genoa CFC,Other,2016
FC Crotone,Out,Cristian Barillari,21,Italy,AM,Other,Crotone Primavera,Other,2016
FC Crotone,Out,Andrea Mazzarani,26,Italy,AM,75000,Without Club,Other,2016
FC Crotone,Out,Giuseppe Zampano,22,Italy,RM,Other,Without Club,Other,2016
FC Crotone,Out,Matteo Paro,33,Italy,CM,Other,Retired,Other,2016
FC Crotone,Out,Juan Delgado,21,Uruguay,CF,Other,Without Club,Other,2016
FC Crotone,Out,Francesco Modesto,34,Italy,LB,Other,Without Club,Other,2016
FC Empoli,In,Miha Zajc,22,Slovenia,CM,800000,NK Olimpija Ljubljana,2300000,2016
FC Empoli,In,Matheus Pereira,18,Brazil,CM,100000,Sport Club Corinthians Paulista,2000000,2016
FC Empoli,In,Marcel Büchel,25,"Liechtenstein, Austria",DM,1500000,Juventus FC,1500000,2016
FC Empoli,In,Omar El Kaddouri,26,"Morocco, Belgium",AM,4500000,SSC Napoli,1200000,2016
FC Empoli,In,Frédéric Veseli,23,"Albania, Switzerland",CB,800000,FC Lugano,0,2016
FC Empoli,In,Alberto Gilardino,34,Italy,CF,1000000,US Palermo,0,2016
FC Empoli,In,Manuel Pasqual,34,Italy,LB,1000000,ACF Fiorentina,0,2016
FC Empoli,In,Roman Chanturia,20,Georgia,CF,150000,Empoli Primavera,Other,2016
FC Empoli,Out,Lorenzo Tonelli,26,Italy,CB,Other,SSC Napoli,10000000,2016
FC Empoli,Out,Michele Camporese,24,Italy,CB,400000,Benevento Calcio,0,2016
FC Empoli,Out,Alberto Gilardino,34,Italy,CF,Other,Delfino Pescara 1936,0,2016
FC Empoli,Out,Dramane Konaté,22,Cote d'Ivoire,CB,75000,FC Pro Vercelli 1892,0,2016
FC Empoli,Out,Luca Santomauro,19,Italy,CB,Other,ASD Pro Eureka,0,2016
FC Empoli,Out,Matteo Ricci,22,Italy,GK,Other,SC Olhanense,0,2016
FC Empoli,Out,Giacomo Risaliti,21,Italy,CB,200000,US Città di Pontedera,0,2016
FC Empoli,Out,Lorenzo Tempesti,22,Italy,SS,Other,AC Tuttocuoio,Other,2016
FC Empoli,Out,Franco Signorelli,25,"Venezuela, Italy",DM,Other,Spezia Calcio,Other,2016
FC Empoli,Out,Jacopo Strano,20,Italy,RW,Other,VF Colligiana,Other,2016
FC Empoli,Out,Mirko Di Nardo,20,Italy,CB,Other,Without Club,Other,2016
FC Empoli,Out,Alessio Agrifogli,20,Italy,LB,Other,Without Club,Other,2016
ACF Fiorentina,In,Davide Astori,29,Italy,CB,7500000,Cagliari Calcio,4000000,2016
ACF Fiorentina,In,Kevin Diks,19,Netherlands,CB,1500000,Vitesse Arnhem,2900000,2016
ACF Fiorentina,In,Bartlomiej Dragowski,18,Poland,GK,2500000,Jagiellonia Bialystok,2500000,2016
ACF Fiorentina,In,Ianis Hagi,17,Romania,AM,750000,FC Viitorul Constanta,2000000,2016
ACF Fiorentina,In,Hrvoje Milic,27,Croatia,LB,1000000,HNK Hajduk Split,1000000,2016
ACF Fiorentina,In,Federico Chiesa,18,Italy,LW,100000,Fiorentina Primavera,Other,2016
ACF Fiorentina,In,Giacomo Satalino,17,Italy,GK,75000,Fiorentina Primavera,Other,2016
ACF Fiorentina,Out,Marcos Alonso,25,Spain,LB,2000000,Chelsea FC,23000000,2016
ACF Fiorentina,Out,Mauro Zárate,29,"Argentina, Chile",CF,75000,Watford FC,2750000,2016
ACF Fiorentina,Out,Mario Gómez,31,"Germany, Spain",CF,Other,VfL Wolfsburg,1050000,2016
ACF Fiorentina,Out,José María Basanta,32,"Argentina, Mexico",CB,Other,CF Monterrey,1000000,2016
ACF Fiorentina,Out,Marko Bakic,22,Montenegro,CM,450000,SC Braga,900000,2016
ACF Fiorentina,Out,Leonardo Capezzi,21,Italy,CM,200000,FC Crotone,700000,2016
ACF Fiorentina,Out,Rafal Wolski,23,Poland,AM,350000,Lechia Gdansk,500000,2016
ACF Fiorentina,Out,Nicolò Fazzi,21,Italy,CB,150000,FC Crotone,200000,2016
ACF Fiorentina,Out,Gianluca Mancini,20,Italy,CB,25000000,AC Perugia Calcio,150000,2016
ACF Fiorentina,Out,Cedric Gondo,19,"Cote d'Ivoire, Italy",CF,700000,Asteras Tripolis,0,2016
ACF Fiorentina,Out,Filippo Bandinelli,21,Italy,CM,1500000,US Latina Calcio,0,2016
ACF Fiorentina,Out,Facundo Roncaglia,29,"Argentina, Italy",CB,25000,Celta de Vigo,0,2016
ACF Fiorentina,Out,Manuel Pasqual,34,Italy,LB,Other,FC Empoli,0,2016
ACF Fiorentina,Out,Joshua Brillante,23,"Australia, Italy",DM,450000,Sydney FC,Other,2016
ACF Fiorentina,Out,Lorenzo Bardini,20,Italy,GK,Other,AC Cesena,Other,2016
ACF Fiorentina,Out,Axel Gulin,21,Italy,RW,Other,Campobasso FC,Other,2016
ACF Fiorentina,Out,Alessandro Bacci,20,Italy,GK,Other,SS Juve Stabia,Other,2016
Genoa CFC,In,Diego Laxalt,23,"Uruguay, Italy",LB,5500000,Inter Milan,5800000,2016
Genoa CFC,In,Giovanni Simeone,21,"Argentina, Spain",CF,8000000,CA River Plate,5100000,2016
Genoa CFC,In,Cristian Ansaldi,29,"Argentina, Italy",LB,6000000,Zenit St. Petersburg,4000000,2016
Genoa CFC,In,Davide Brivio,28,Italy,LB,1300000,Atalanta BC,4000000,2016
Genoa CFC,In,Leonardo Morosini,21,Italy,AM,2200000,Brescia Calcio,2500000,2016
Genoa CFC,In,Davide Biraschi,22,Italy,CB,400000,US Avellino 1912,1600000,2016
Genoa CFC,In,Nikola Ninkovic,21,Serbia,AM,1000000,Chievo Verona,1500000,2016
Genoa CFC,In,Francesco Renzetti,28,"Italy, Monaco",LB,900000,AC Cesena,1200000,2016
Genoa CFC,In,Santiago Gentiletti,31,"Argentina, Italy",CB,1000000,SS Lazio,500000,2016
Genoa CFC,In,Andrea Beghetto,22,Italy,LM,600000,SPAL 2013,350000,2016
Genoa CFC,In,Raffaele Palladino,32,Italy,LW,400000,FC Crotone,250000,2016
Genoa CFC,In,Simone Tascone,19,Italy,CM,100000,Ternana Calcio,100000,2016
Genoa CFC,In,Rubinho,34,"Brazil, Italy",GK,75000,Calcio Como,0,2016
Genoa CFC,In,Bartosz Wolski,19,Poland,AM,75000,Latina Primavera,0,2016
Genoa CFC,In,Lucas Orbán,27,"Argentina, Spain",CB,3000000,Valencia CF,0,2016
Genoa CFC,In,Franco Ferrari,21,"Italy, Argentina",CF,100000,AD Valdinievole Montecatini,0,2016
Genoa CFC,In,Miguel Veloso,30,Portugal,DM,6000000,Dynamo Kyiv,0,2016
Genoa CFC,In,Davide Voltan,21,Italy,AM,75000,FC Crotone,Other,2016
Genoa CFC,In,Loïck Landre,24,"France, Guadeloupe",CB,1000000,RC Lens,Other,2016
Genoa CFC,In,Antonio Notaroberto,18,Italy,Defender,Other,Cavese Youth,Other,2016
Genoa CFC,In,Sandro Embaló,20,"Portugal, Guinea-Bissau",CB,50000,Genoa U19,Other,2016
Genoa CFC,In,Paolo Ghiglione,19,Italy,RB,150000,Genoa U19,Other,2016
Genoa CFC,Out,Leonardo Pavoletti,28,Italy,CF,800000,SSC Napoli,18000000,2016
Genoa CFC,Out,Cristian Ansaldi,29,"Argentina, Italy",LB,250000,Inter Milan,10500000,2016
Genoa CFC,Out,Diego Perotti,27,"Argentina, Spain",LW,Other,AS Roma,9000000,2016
Genoa CFC,Out,Tomás Rincón,28,Venezuela,DM,300000,Juventus FC,8000000,2016
Genoa CFC,Out,Sebastien De Maio,29,"France, Italy",CB,125000,RSC Anderlecht,3300000,2016
Genoa CFC,Out,Panagiotis Tachtsidis,25,Greece,DM,750000,Torino FC,1300000,2016
Genoa CFC,Out,Diego Capel,28,Spain,LW,Other,RSC Anderlecht,200000,2016
Genoa CFC,Out,Simone Canegallo,20,Italy,GK,Other,US Belvedere,0,2016
Genoa CFC,Out,Federico Gatto,19,Italy,Midfielder,Other,Angelo Baiardo,0,2016
Genoa CFC,Out,Mattia Mandraccio,19,Italy,LW,Other,ASD Ceriale,0,2016
Genoa CFC,Out,Edoardo Caltabiano,20,Italy,CM,Other,ASD Albissola 2010,0,2016
Genoa CFC,Out,Federico Brusacà,20,Italy,CB,Other,AC Lumezzane,0,2016
Genoa CFC,Out,Issa Cissokho,31,"Senegal, France",RB,Other,Angers SCO,0,2016
Genoa CFC,Out,Lorenzo Lanzalaco,20,Italy,AM,Other,Sporting Recco,0,2016
Genoa CFC,Out,Leonardo Manu,20,Italy,CB,Other,ASD Genova Calcio,0,2016
Genoa CFC,Out,Antonio Donnarumma,26,Italy,GK,325000,Asteras Tripolis,0,2016
Genoa CFC,Out,Marco Minutolo,20,Italy,Defender,Other,ASD Voltrese Vultur,0,2016
Genoa CFC,Out,Daniel Jara,22,"Paraguay, Spain",CF,Other,29 de Setiembre F.B.C,0,2016
Genoa CFC,Out,Mario Sampirisi,23,Italy,RB,600000,Vicenza Calcio,Other,2016
Genoa CFC,Out,Alassane També,24,"Mali, France",RB,Other,CD Tondela,Other,2016
Genoa CFC,Out,Giovanni Marchese,31,Italy,LB,Other,Without Club,Other,2016
Genoa CFC,Out,Francesco Todisco,20,Italy,CB,Other,Without Club,Other,2016
Genoa CFC,Out,Moro Alhassan,22,Ghana,DM,Other,Without Club,Other,2016
Inter Milan,In,João Mário,23,"Portugal, Angola",CM,30000000,Sporting CP,44780000,2016
Inter Milan,In,Gabriel Barbosa,20,Brazil,CF,20000000,Santos FC,29500000,2016
Inter Milan,In,Antonio Candreva,29,Italy,AM,23000000,SS Lazio,22000000,2016
Inter Milan,In,Stevan Jovetic,27,"Montenegro, Serbia",CF,10000000,Manchester City,13500000,2016
Inter Milan,In,Miranda,31,Brazil,CB,16000000,Atlético de Madrid,11000000,2016
Inter Milan,In,Cristian Ansaldi,29,"Argentina, Italy",LB,6000000,Genoa CFC,10500000,2016
Inter Milan,In,Éder,29,"Italy, Brazil",CF,12000000,UC Sampdoria,9800000,2016
Inter Milan,In,Gianluca Caprari,22,Italy,SS,3500000,Delfino Pescara 1936,8250000,2016
Inter Milan,In,Dodô,24,"Brazil, Portugal",LB,5500000,AS Roma,7800000,2016
Inter Milan,In,Marcelo Brozovic,23,Croatia,DM,18000000,GNK Dinamo Zagreb,5000000,2016
Inter Milan,In,Rey Manaj,19,"Albania, Italy",CF,800000,US Cremonese,500000,2016
Inter Milan,In,Caner Erkin,27,Türkiye,LB,9000000,Fenerbahce,0,2016
Inter Milan,In,Éver Banega,28,"Argentina, Spain",CM,15000000,Sevilla FC,0,2016
Inter Milan,In,Andrea Pinamonti,17,Italy,CF,500000,Inter Milan Primavera,Other,2016
Inter Milan,In,Andrei Radu,19,Romania,GK,300000,Inter Milan Primavera,Other,2016
Inter Milan,In,Senna Miangue,19,Belgium,CB,75000,Inter Milan Primavera,Other,2016
Inter Milan,Out,Diego Laxalt,23,"Uruguay, Italy",LB,3000000,Genoa CFC,5800000,2016
Inter Milan,Out,Cristiano Biraghi,23,Italy,LB,3500000,Delfino Pescara 1936,5000000,2016
Inter Milan,Out,Lorenzo Crisetig,23,Italy,DM,400000,Bologna FC 1909,2700000,2016
Inter Milan,Out,Daniel Bessa,23,"Italy, Brazil",CM,2500000,Hellas Verona,1200000,2016
Inter Milan,Out,Gianmarco Gabbianelli,22,Italy,RW,75000,Alma Juventus Fano 1906,0,2016
Inter Milan,Out,Leonardo Longo,21,Italy,RB,Other,US Catanzaro,0,2016
Inter Milan,Out,Simone Pasa,22,Italy,DM,50000,AS Cittadella,0,2016
Inter Milan,Out,Rodrigo Alborno,22,"Paraguay, Italy",LB,150000,Club Libertad Asunción,0,2016
Inter Milan,Out,Dylan Alexis Romney,20,"France, United States",CF,Other,Paris FC B,0,2016
Juventus FC,In,Gonzalo Higuaín,28,"Argentina, France",CF,65000000,SSC Napoli,90000000,2016
Juventus FC,In,Miralem Pjanic,26,"Bosnia-Herzegovina, Luxembourg",CM,35000000,AS Roma,32000000,2016
Juventus FC,In,Marko Pjaca,21,Croatia,LW,18000000,GNK Dinamo Zagreb,29400000,2016
Juventus FC,In,Mattia Caldara,22,Italy,CB,8000000,Atalanta BC,19000000,2016
Juventus FC,In,Mario Lemina,22,"Gabon, France",DM,4000000,Olympique Marseille,9800000,2016
Juventus FC,In,Tomás Rincón,28,Venezuela,DM,9000000,Genoa CFC,8000000,2016
Juventus FC,In,Riccardo Orsolini,20,Italy,RW,1500000,Ascoli Picchio,6000000,2016
Juventus FC,In,Simone Ganz,22,Italy,CF,1500000,Calcio Como,0,2016
Juventus FC,In,Dani Alves,33,"Brazil, Spain",RB,9000000,FC Barcelona,0,2016
Juventus FC,In,Pol Lirola,18,Spain,RB,500000,Juventus Primavera,Other,2016
Juventus FC,In,Filippo Romagna,19,Italy,CB,500000,Juventus Primavera,Other,2016
Juventus FC,Out,Paul Pogba,23,"France, Guinea",CM,Other,Manchester United,105000000,2016
Juventus FC,Out,Álvaro Morata,23,Spain,CF,16000000,Real Madrid,30000000,2016
Juventus FC,Out,Roberto Pereyra,25,Argentina,CM,1800000,Watford FC,13500000,2016
Juventus FC,Out,Hernanes,31,Brazil,AM,Other,Hebei China Fortune,8000000,2016
Juventus FC,Out,Mauricio Isla,28,Chile,RB,350000,Cagliari Calcio,4000000,2016
Juventus FC,Out,Gabriel Pires,22,"Brazil, Portugal",DM,2500000,CD Leganés,2500000,2016
Juventus FC,Out,Hördur Magnússon,23,Iceland,CB,1200000,Bristol City,2100000,2016
Juventus FC,Out,Vincenzo Fiorillo,26,Italy,GK,150000,Delfino Pescara 1936,2000000,2016
Juventus FC,Out,Marcel Büchel,25,"Liechtenstein, Austria",DM,200000,FC Empoli,1500000,2016
Juventus FC,Out,Simone Padoin,32,Italy,CM,Other,Cagliari Calcio,590000,2016
Juventus FC,Out,Andrea Schiavone,23,Italy,DM,100000,AC Cesena,500000,2016
Juventus FC,Out,Gregorio Luperini,22,Italy,AM,350000,US Cremonese,50000,2016
Juventus FC,Out,Matteo Gerbaudo,21,Italy,CM,100000,Pordenone Calcio,0,2016
Juventus FC,Out,Eros Castelletto,21,Italy,CM,100000,ASD Pro Eureka,0,2016
Juventus FC,Out,Carlo Ilari,24,Italy,CM,250000,Città di Teramo 1913,0,2016
Juventus FC,Out,Lorenzo Benucci,19,Italy,LB,Other,AC Prato,0,2016
Juventus FC,Out,Patrice Evra,35,"France, Senegal",LB,Other,Olympique Marseille,0,2016
Juventus FC,Out,Giacomo Volpe,20,Italy,GK,150000,AS Gubbio 1910,0,2016
Juventus FC,Out,Matteo Liviero,23,Italy,LM,200000,SS Juve Stabia,0,2016
Juventus FC,Out,Nicolò Curti,21,Italy,CB,Other,US Città di Pontedera,0,2016
Juventus FC,Out,Christian Tavanti,21,Italy,RB,Other,SS Sambenedettese,0,2016
Juventus FC,Out,Jorge Martínez,33,"Uruguay, Spain",RW,Other,CA Juventud,0,2016
Juventus FC,Out,Zoran Josipovic,20,"Switzerland, Serbia",CF,Other,FC Aarau,0,2016
Juventus FC,Out,Vlad Marin,21,"Romania, Italy",CB,Other,FCV Dender EH,Other,2016
Juventus FC,Out,Martín Cáceres,29,Uruguay,CB,200000,Without Club,Other,2016
Juventus FC,Out,Fausto Rossi,25,Italy,CM,250000,Without Club,Other,2016
Juventus FC,Out,Rubinho,33,"Brazil, Italy",GK,Other,Without Club,Other,2016
SS Lazio,In,Ciro Immobile,26,Italy,CF,10000000,Sevilla FC,9450000,2016
SS Lazio,In,Wallace,21,Brazil,CB,6000000,SC Braga,8000000,2016
SS Lazio,In,Luis Alberto,23,Spain,AM,4000000,Liverpool FC,7600000,2016
SS Lazio,In,Bastos,25,Angola,CB,5000000,FC Rostov,5000000,2016
SS Lazio,In,Jordan Lukaku,21,"Belgium, DR Congo",LB,4000000,KV Oostende (-2024),4000000,2016
SS Lazio,In,Moritz Leitner,23,"Germany, Austria",CM,1500000,Borussia Dortmund,1500000,2016
SS Lazio,In,Luiz Felipe,19,"Italy, Brazil",CB,50000,Ituano Futebol Clube (SP),750000,2016
SS Lazio,In,Alessandro Rossi,19,Italy,CF,150000,Lazio U19,Other,2016
SS Lazio,Out,Antonio Candreva,29,Italy,AM,1000000,Inter Milan,22000000,2016
SS Lazio,Out,Ogenyi Onazi,23,Nigeria,DM,50000,Trabzonspor,3500000,2016
SS Lazio,Out,Moritz Leitner,24,"Germany, Austria",CM,Other,FC Augsburg,1500000,2016
SS Lazio,Out,Santiago Gentiletti,31,"Argentina, Italy",CB,Other,Genoa CFC,500000,2016
SS Lazio,Out,Milan Bisevac,32,"Serbia, France",CB,Other,FC Metz,0,2016
SS Lazio,Out,Álvaro González,32,"Uruguay, Italy",CM,Other,Club Nacional,0,2016
SS Lazio,Out,Vinícius,23,"Brazil, Portugal",LB,Other,AEK Athens,0,2016
SS Lazio,Out,Riccardo Serpieri,22,Italy,CB,Other,FC Pavia 1911,0,2016
SS Lazio,Out,Moustapha Seck,20,"Spain, Senegal",LB,350000,AS Roma,0,2016
SS Lazio,Out,Abdoulay Konko,32,"France, Morocco",RB,Other,Atalanta BC,0,2016
SS Lazio,Out,Edson Braafheid,33,"Netherlands, Suriname",LB,Other,FC Utrecht,0,2016
SS Lazio,Out,Miroslav Klose,38,Germany,CF,Other,Retired,Other,2016
SS Lazio,Out,Stefano Mauri,36,Italy,AM,Other,Without Club,Other,2016
AC Milan,In,Gustavo Gómez,23,Paraguay,CB,1750000,CA Lanús,9560000,2016
AC Milan,In,Gianluca Lapadula,26,"Peru, Italy",CF,6500000,Delfino Pescara 1936,9500000,2016
AC Milan,In,José Sosa,31,Argentina,AM,8000000,Besiktas JK,7500000,2016
AC Milan,In,Leonel Vangioni,29,"Argentina, Italy",LB,4000000,CA River Plate,0,2016
AC Milan,In,Marco Storari,40,Italy,GK,400000,Cagliari Calcio,Other,2016
AC Milan,In,Alessandro Plizzari,16,Italy,GK,100000,Milan Primavera,Other,2016
AC Milan,In,Patrick Cutrone,19,Italy,CF,400000,Milan Primavera,Other,2016
AC Milan,In,Gian Filippo Felicioli,18,Italy,LB,250000,Milan Primavera,Other,2016
AC Milan,Out,Stephan El Shaarawy,23,"Italy, Egypt",LW,5000000,AS Roma,13000000,2016
AC Milan,Out,Simone Verdi,23,Italy,AM,2500000,Bologna FC 1909,6400000,2016
AC Milan,Out,Jérémy Ménez,29,France,CF,Other,FC Girondins Bordeaux,2850000,2016
AC Milan,Out,Alessandro Matri,31,Italy,CF,Other,US Sassuolo,1800000,2016
AC Milan,Out,Gianmario Comi,24,Italy,CF,200000,Carpi FC 1909,300000,2016
AC Milan,Out,Michael Agazzi,32,Italy,GK,Other,AC Cesena,0,2016
AC Milan,Out,Kevin-Prince Boateng,29,"Ghana, Germany",AM,Other,UD Las Palmas,0,2016
AC Milan,Out,Fernando Torres,32,Spain,CF,Other,Atlético de Madrid,0,2016
AC Milan,Out,Luiz Adriano,29,Brazil,CF,300000,Spartak Moscow,0,2016
AC Milan,Out,Matteo Chinellato,24,Italy,CF,75000,Calcio Como,0,2016
AC Milan,Out,Philippe Mexès,34,France,CB,Other,Retired,Other,2016
AC Milan,Out,Christian Abbiati,38,Italy,GK,Other,Retired,Other,2016
AC Milan,Out,Favour Aniekan,22,Nigeria,SS,Other,Without Club,Other,2016
AC Milan,Out,Alex,34,Brazil,CB,Other,Without Club,Other,2016
SSC Napoli,In,Arkadiusz Milik,22,Poland,CF,12000000,Ajax Amsterdam,32000000,2016
SSC Napoli,In,Leonardo Pavoletti,28,Italy,CF,13000000,Genoa CFC,18000000,2016
SSC Napoli,In,Piotr Zieliński,22,"Poland, Italy",CM,12000000,Udinese Calcio,16000000,2016
SSC Napoli,In,Amadou Diawara,19,Guinea,DM,11000000,Bologna FC 1909,14500000,2016
SSC Napoli,In,Lorenzo Tonelli,26,Italy,CB,5500000,FC Empoli,10000000,2016
SSC Napoli,In,Emanuele Giaccherini,31,Italy,LM,4000000,Sunderland AFC,1500000,2016
SSC Napoli,In,Leandrinho,18,Brazil,LW,750000,Associação Atlética Ponte Preta,590000,2016
SSC Napoli,Out,Gonzalo Higuaín,28,"Argentina, France",CF,Other,Juventus FC,90000000,2016
SSC Napoli,Out,Manolo Gabbiadini,25,Italy,CF,1200000,Southampton FC,17000000,2016
SSC Napoli,Out,David López,26,Spain,CB,2500000,RCD Espanyol Barcelona,4000000,2016
SSC Napoli,Out,Mirko Valdifiori,30,Italy,DM,75000,Torino FC,3400000,2016
SSC Napoli,Out,Omar El Kaddouri,26,"Morocco, Belgium",AM,400000,FC Empoli,1200000,2016
SSC Napoli,Out,Mariano Andújar,32,"Argentina, Italy",GK,Other,Club Estudiantes de La Plata,455000,2016
SSC Napoli,Out,Bruno Uvini,25,"Brazil, Italy",CB,450000,Al-Nassr FC,200000,2016
SSC Napoli,Out,Soma Novothny,22,Hungary,CF,300000,Sint-Truidense VV,150000,2016
SSC Napoli,Out,Emanuele Allegra,22,Italy,CB,50000,AC Lumezzane,0,2016
SSC Napoli,Out,Giuseppe Palma,22,Italy,CM,75000,FC Chiasso,0,2016
SSC Napoli,Out,Josip Radosevic,22,Croatia,DM,1500000,Red Bull Salzburg,0,2016
SSC Napoli,Out,Giovanni Lombardi,19,Italy,RW,Other,FC Grosseto,Other,2016
US Palermo,In,Bruno Henrique,26,"Brazil, Italy",CM,3000000,Sport Club Corinthians Paulista,3300000,2016
US Palermo,In,Slobodan Rajković,27,Serbia,CB,1500000,SV Darmstadt 98,1500000,2016
US Palermo,In,Haitam Aleesami,25,Norway,LB,900000,IFK Göteborg,1380000,2016
US Palermo,In,Stefan Silva,26,"Sweden, Chile",CF,450000,GIF Sundsvall,800000,2016
US Palermo,In,Alessandro Gazzi,33,Italy,DM,700000,Torino FC,700000,2016
US Palermo,In,Ilija Nestorovski,26,North Macedonia,CF,1500000,NK Inter Zapresic,500000,2016
US Palermo,In,Alessandro Diamanti,33,Italy,AM,1000000,Guangzhou Evergrande Taobao,0,2016
US Palermo,In,Simone Lo Faso,18,Italy,SS,225000,Palermo Primavera,Other,2016
US Palermo,In,Marco Toscano,18,Italy,DM,150000,Palermo Primavera,Other,2016
US Palermo,In,Andrea Punzi,19,Italy,CB,50000,Palermo Primavera,Other,2016
US Palermo,In,Simone Giuliano,19,Italy,CB,150000,Palermo Primavera,Other,2016
US Palermo,In,Leonardo Marson,18,Italy,GK,100000,Palermo Primavera,Other,2016
US Palermo,Out,Franco Vázquez,27,"Argentina, Italy",AM,1000000,Sevilla FC,16800000,2016
US Palermo,Out,Bruno Henrique,27,"Brazil, Italy",CM,500000,Sociedade Esportiva Palmeiras,3500000,2016
US Palermo,Out,Achraf Lazaar,24,"Morocco, Italy",LM,Other,Newcastle United,2850000,2016
US Palermo,Out,Robin Quaison,23,"Sweden, Ghana",CF,2500000,1.FSV Mainz 05,2500000,2016
US Palermo,Out,Emiliano Viviano,30,Italy,GK,200000,UC Sampdoria,2300000,2016
US Palermo,Out,Ahmad Benali,24,"Libya, England",CM,400000,Delfino Pescara 1936,1000000,2016
US Palermo,Out,Gabriele Zerbo,22,Italy,SS,100000,Paganese Calcio 1926,0,2016
US Palermo,Out,Stefano Sorrentino,37,Italy,GK,Other,Chievo Verona,0,2016
US Palermo,Out,Matheus Cassini,20,"Brazil, Italy",AM,Other,Associação Atlética Ponte Preta,0,2016
US Palermo,Out,Alberto Gilardino,34,Italy,CF,Other,FC Empoli,0,2016
US Palermo,Out,Uros Djurdjevic,22,"Montenegro, Serbia",CF,1500000,FK Partizan Belgrade,0,2016
US Palermo,Out,Manuel Arteaga,22,"Venezuela, Spain",CF,300000,RFC Seraing,Other,2016
US Palermo,Out,Granddi N'Goyi,28,"DR Congo, France",DM,Other,Without Club,Other,2016
US Palermo,Out,Milan Milanovic,25,"Serbia, Bosnia-Herzegovina",CB,50000,Without Club,Other,2016
US Palermo,Out,Enzo Maresca,36,Italy,CM,Other,Without Club,Other,2016
Delfino Pescara 1936,In,Cristiano Biraghi,23,Italy,LB,2500000,Inter Milan,5000000,2016
Delfino Pescara 1936,In,Valerio Verre,22,Italy,AM,2400000,Udinese Calcio,4000000,2016
Delfino Pescara 1936,In,Vincenzo Fiorillo,26,Italy,GK,700000,Juventus FC,2000000,2016
Delfino Pescara 1936,In,Ahmad Benali,24,"Libya, England",CM,1200000,US Palermo,1000000,2016
Delfino Pescara 1936,In,Stefano Pettinari,24,Italy,CF,650000,AS Roma,400000,2016
Delfino Pescara 1936,In,Antonio Mazzotta,26,Italy,LB,800000,AC Cesena,350000,2016
Delfino Pescara 1936,In,Alessandro Crescenzi,24,Italy,LB,2000000,AS Roma,300000,2016
Delfino Pescara 1936,In,Alessio Di Massimo,20,Italy,LW,100000,Sant'Omero Palmense,300000,2016
Delfino Pescara 1936,In,Andrea Coda,31,Italy,CB,200000,UC Sampdoria,200000,2016
Delfino Pescara 1936,In,Cesare Bovo,33,Italy,CB,500000,Torino FC,100000,2016
Delfino Pescara 1936,In,Francesco Nicastro,24,Italy,CF,250000,SS Juve Stabia,0,2016
Delfino Pescara 1936,In,Alberto Gilardino,34,Italy,CF,500000,FC Empoli,0,2016
Delfino Pescara 1936,In,Guglielmo Stendardo,35,Italy,CB,300000,Atalanta BC,0,2016
Delfino Pescara 1936,In,Alessandro Polidori,24,Italy,CF,150000,Rimini FC,0,2016
Delfino Pescara 1936,In,Simone Pepe,32,Italy,RW,500000,Chievo Verona,0,2016
Delfino Pescara 1936,In,Alberto Aquilani,32,Italy,CM,3000000,Sporting CP,0,2016
Delfino Pescara 1936,In,Albano Bizzarri,38,"Argentina, Italy",GK,200000,Chievo Verona,0,2016
Delfino Pescara 1936,In,Luigi Carillo,20,Italy,CB,175000,SS Akragas Città dei Templi,Other,2016
Delfino Pescara 1936,In,Elhan Kastrati,19,Albania,GK,75000,Pescara Primavera,Other,2016
Delfino Pescara 1936,In,Mamadou Coulibaly,18,Senegal,CM,50000,Without Club,Other,2016
Delfino Pescara 1936,In,Sulley Muntari,32,Ghana,CM,1000000,Without Club,Other,2016
Delfino Pescara 1936,In,Leonardo Maloku,18,Albania,RB,75000,Pescara Primavera,Other,2016
Delfino Pescara 1936,In,Ferdinando Del Sole,18,Italy,RW,150000,Pescara Primavera,Other,2016
Delfino Pescara 1936,Out,Gianluca Lapadula,26,"Peru, Italy",CF,1500000,AC Milan,9500000,2016
Delfino Pescara 1936,Out,Gianluca Caprari,22,Italy,SS,4000000,Inter Milan,8250000,2016
Delfino Pescara 1936,Out,Valerio Verre,23,Italy,AM,1200000,UC Sampdoria,4100000,2016
Delfino Pescara 1936,Out,Daniele Mignanelli,23,Italy,LB,350000,Ascoli Picchio,170000,2016
Delfino Pescara 1936,Out,Gianluca Clemente,20,Italy,RB,150000,FC Grosseto,0,2016
Delfino Pescara 1936,Out,Mattia Altobelli,21,Italy,CB,Other,Città di Teramo 1913,0,2016
Delfino Pescara 1936,Out,Andrea Testi,19,Italy,CF,Other,SS Racing Club Roma,0,2016
Delfino Pescara 1936,Out,Cristian Buonaiuto,23,Italy,LW,650000,AC Perugia Calcio,0,2016
Delfino Pescara 1936,Out,Riccardo Barbuti,24,Italy,CF,50000,AC Lumezzane,0,2016
Delfino Pescara 1936,Out,Souleymane Diamoutene,33,"Mali, Italy",CB,Other,Gzira United FC,0,2016
Delfino Pescara 1936,Out,Simone Aresti,30,Italy,GK,Other,Ternana Calcio,Other,2016
Delfino Pescara 1936,Out,Adedoyin Sanni,21,Nigeria,CB,Other,A.C. Calvina Sport,Other,2016
Delfino Pescara 1936,Out,Emanuele Pesoli,35,Italy,CB,Other,Retired,Other,2016
AS Roma,In,Gerson,19,Brazil,CM,10000000,Fluminense Football Club,18500000,2016
AS Roma,In,Mohamed Salah,24,Egypt,RW,23000000,Chelsea FC,15000000,2016
AS Roma,In,Stephan El Shaarawy,23,"Italy, Egypt",LW,17000000,AC Milan,13000000,2016
AS Roma,In,Edin Dzeko,30,Bosnia-Herzegovina,CF,15000000,Manchester City,11000000,2016
AS Roma,In,Antonio Rüdiger,23,"Germany, Sierra Leone",CB,12000000,VfB Stuttgart,9000000,2016
AS Roma,In,Diego Perotti,27,"Argentina, Spain",LW,12000000,Genoa CFC,9000000,2016
AS Roma,In,Alisson,23,Brazil,GK,7000000,Sport Club Internacional,8000000,2016
AS Roma,In,Ervin Zukanovic,29,Bosnia-Herzegovina,CB,4000000,UC Sampdoria,2800000,2016
AS Roma,In,Umar Sadiq,19,Nigeria,CF,2500000,Spezia Calcio,2500000,2016
AS Roma,In,Abdullahi Nura,18,Nigeria,RB,500000,Spezia Primavera,2500000,2016
AS Roma,In,Emerson,22,"Italy, Brazil",LB,3000000,Santos FC,2000000,2016
AS Roma,In,Norbert Gyömbér,23,Slovakia,CB,700000,Calcio Catania,1500000,2016
AS Roma,In,Moustapha Seck,20,"Spain, Senegal",LB,200000,SS Lazio,0,2016
AS Roma,Out,Miralem Pjanic,26,"Bosnia-Herzegovina, Luxembourg",CM,3000000,Juventus FC,32000000,2016
AS Roma,Out,Adem Ljajic,24,Serbia,AM,400000,Torino FC,9000000,2016
AS Roma,Out,Matteo Politano,22,Italy,RW,13000000,US Sassuolo,8100000,2016
AS Roma,Out,Dodô,24,"Brazil, Portugal",LB,500000,Inter Milan,7800000,2016
AS Roma,Out,Antonio Sanabria,20,"Paraguay, Spain",CF,7000000,Real Betis Balompié,7500000,2016
AS Roma,Out,Iago Falque,27,Spain,AM,250000,Torino FC,6000000,2016
AS Roma,Out,Mihai Bălașa,22,Romania,CB,500000,Steaua Bucharest,500000,2016
AS Roma,Out,Stefano Pettinari,24,Italy,CF,250000,Delfino Pescara 1936,400000,2016
AS Roma,Out,Alessandro Crescenzi,24,Italy,LB,100000,Delfino Pescara 1936,300000,2016
AS Roma,Out,Francesco Di Mariano,20,Italy,LW,1200000,Novara Calcio 1908,232000,2016
AS Roma,Out,Tomas Vestenicky,20,Slovakia,CF,Other,Cracovia,100000,2016
AS Roma,Out,Vasilios Torosidis,31,Greece,RB,Other,Bologna FC 1909,0,2016
AS Roma,Out,Mattia Rosato,22,Italy,CB,Other,Lupa Roma FC,0,2016
AS Roma,Out,Seydou Keita,36,"Mali, France",CM,Other,El-Jaish SC,0,2016
AS Roma,Out,Morgan De Sanctis,39,Italy,GK,Other,AS Monaco,0,2016
AS Roma,Out,Maicon,34,Brazil,RB,Other,Without Club,Other,2016
AS Roma,Out,Matteo Adamo,19,Italy,CM,Other,Without Club,Other,2016
UC Sampdoria,In,Dennis Praet,22,Belgium,CM,9000000,RSC Anderlecht,8000000,2016
UC Sampdoria,In,Valerio Verre,23,Italy,AM,4000000,Delfino Pescara 1936,4100000,2016
UC Sampdoria,In,Patrik Schick,20,Czech Republic,CF,500000,AC Sparta Prague,4000000,2016
UC Sampdoria,In,Luca Cigarini,30,Italy,DM,5000000,Atalanta BC,3500000,2016
UC Sampdoria,In,Karol Linetty,21,Poland,CM,3200000,Lech Poznan,3100000,2016
UC Sampdoria,In,Fabio Quagliarella,33,Italy,CF,3000000,Torino FC,2750000,2016
UC Sampdoria,In,Jacopo Sala,24,Italy,CM,2500000,Hellas Verona,2600000,2016
UC Sampdoria,In,Emiliano Viviano,30,Italy,GK,5000000,US Palermo,2300000,2016
UC Sampdoria,In,Bartosz Bereszyński,24,Poland,RB,1500000,Legia Warszawa,1800000,2016
UC Sampdoria,In,Ante Budimir,24,Croatia,CF,3000000,FC Crotone,1800000,2016
UC Sampdoria,In,Lorenco Simic,20,Croatia,CB,1000000,HNK Hajduk Split,1500000,2016
UC Sampdoria,In,Salvatore Lancia,19,Italy,CF,125000,Hellas Verona Primavera,1000000,2016
UC Sampdoria,In,Leonardo Capezzi,21,Italy,CM,1300000,FC Crotone,1000000,2016
UC Sampdoria,In,Antonio Palumbo,20,Italy,CM,500000,Ternana Calcio,700000,2016
UC Sampdoria,In,Daniel Pavlovic,28,"Bosnia-Herzegovina, Switzerland",CB,800000,Grasshopper Club Zurich,0,2016
UC Sampdoria,In,Stanley Amuzie,20,Nigeria,CB,100000,SC Olhanense,0,2016
UC Sampdoria,In,Filip Djuricic,25,Serbia,AM,3000000,SL Benfica,0,2016
UC Sampdoria,Out,Joaquín Correa,21,"Argentina, Italy",SS,6000000,Sevilla FC,18200000,2016
UC Sampdoria,Out,Roberto Soriano,25,"Italy, Germany",AM,1000000,Villarreal CF,13750000,2016
UC Sampdoria,Out,Fernando,24,Brazil,DM,1000000,Spartak Moscow,12500000,2016
UC Sampdoria,Out,Éder,29,"Italy, Brazil",CF,Other,Inter Milan,9800000,2016
UC Sampdoria,Out,Luca Rizzo,24,Italy,CM,Other,Bologna FC 1909,6000000,2016
UC Sampdoria,Out,Alfred Duncan,23,"Ghana, Italy",CM,4000000,US Sassuolo,6000000,2016
UC Sampdoria,Out,Lorenzo De Silvestri,28,Italy,RB,400000,Torino FC,3500000,2016
UC Sampdoria,Out,Ervin Zukanovic,29,Bosnia-Herzegovina,CB,Other,AS Roma,2800000,2016
UC Sampdoria,Out,Pedro Pereira,19,Portugal,RB,1500000,SL Benfica,2660000,2016
UC Sampdoria,Out,Pawel Wszolek,24,Poland,RM,500000,Hellas Verona,2000000,2016
UC Sampdoria,Out,Niklas Moisander,30,Finland,CB,250000,SV Werder Bremen,1700000,2016
UC Sampdoria,Out,Fabrizio Cacciatore,29,Italy,RB,Other,Chievo Verona,522000,2016
UC Sampdoria,Out,José Campaña,23,Spain,CM,1500000,Levante UD,500000,2016
UC Sampdoria,Out,Andrea Coda,31,Italy,CB,Other,Delfino Pescara 1936,200000,2016
UC Sampdoria,Out,Gianluca Sampietro,23,Italy,CM,Other,Taranto FC 1927,0,2016
UC Sampdoria,Out,Luca Piana,22,Italy,CB,225000,Pro Piacenza 1919,0,2016
UC Sampdoria,Out,Mattia Placido,21,Italy,RM,Other,Città di Teramo 1913,0,2016
UC Sampdoria,Out,Mirko Eramo,27,Italy,CM,125000,Benevento Calcio,0,2016
UC Sampdoria,Out,Mattia Cassani,32,Italy,RB,Other,FC Bari 1908,0,2016
UC Sampdoria,Out,Djamel Mesbah,31,"Algeria, France",LB,Other,FC Crotone,0,2016
UC Sampdoria,Out,Gianluca Sansone,29,Italy,CF,Other,Novara Calcio 1908,0,2016
UC Sampdoria,Out,Nenad Krsticic,26,Serbia,CM,Other,Deportivo Alavés,0,2016
UC Sampdoria,Out,Georges Douglas Petdji Tsila,19,"Cameroon, Italy",RM,100000,Without Club,Other,2016
UC Sampdoria,Out,Modibo Diakité,29,"France, Mali",CB,Other,Without Club,Other,2016
UC Sampdoria,Out,Antonio Cassano,34,Italy,SS,Other,Without Club,Other,2016
US Sassuolo,In,Matteo Politano,22,Italy,RW,2500000,AS Roma,8100000,2016
US Sassuolo,In,Alfred Duncan,23,"Ghana, Italy",CM,5500000,UC Sampdoria,6000000,2016
US Sassuolo,In,Gian Marco Ferrari,24,Italy,CB,1000000,FC Crotone,4000000,2016
US Sassuolo,In,Timo Letschert,23,Netherlands,CB,3000000,FC Utrecht,3500000,2016
US Sassuolo,In,Pietro Iemmello,24,Italy,CF,650000,Spezia Calcio,2300000,2016
US Sassuolo,In,Alessandro Matri,31,Italy,CF,2000000,AC Milan,1800000,2016
US Sassuolo,In,Antonino Ragusa,26,Italy,LW,1500000,AC Cesena,1790000,2016
US Sassuolo,In,Pietro Cianci,20,Italy,CF,100000,Fidelis Andria,20000,2016
US Sassuolo,In,Claud Adjapong,18,"Italy, Ghana",RB,300000,Sassuolo Primavera,Other,2016
US Sassuolo,Out,Sime Vrsaljko,24,Croatia,RB,Other,Atlético de Madrid,14000000,2016
US Sassuolo,Out,Nicola Sansone,24,"Italy, Germany",LW,1000000,Villarreal CF,13000000,2016
US Sassuolo,Out,Antonio Floro Flores,33,Italy,CF,Other,Chievo Verona,600000,2016
US Sassuolo,Out,Emanuele Terranova,29,Italy,CB,125000,Frosinone Calcio,0,2016
US Sassuolo,Out,Alessandro Longhi,27,Italy,CB,Other,AC Pisa 1909,0,2016
US Sassuolo,Out,Giacomo Serra,20,Italy,CB,Other,Castelvetro Calcio,0,2016
US Sassuolo,Out,Lorenzo Ariaudo,27,Italy,CB,Other,Frosinone Calcio,Other,2016
US Sassuolo,Out,Aladje,22,"Portugal, Guinea-Bissau",CF,75000,Without Club,Other,2016
US Sassuolo,Out,Abass Alhassan,21,Ghana,DM,Other,Without Club,Other,2016
Torino FC,In,Adem Ljajic,24,Serbia,AM,12000000,AS Roma,9000000,2016
Torino FC,In,Iago Falque,27,Spain,AM,8500000,AS Roma,6000000,2016
Torino FC,In,Lorenzo De Silvestri,28,Italy,RB,5000000,UC Sampdoria,3500000,2016
Torino FC,In,Mirko Valdifiori,30,Italy,DM,4000000,SSC Napoli,3400000,2016
Torino FC,In,Luca Rossettini,31,Italy,CB,2000000,Bologna FC 1909,1980000,2016
Torino FC,In,Saša Lukić,19,Serbia,CM,700000,FK Partizan Belgrade,1700000,2016
Torino FC,In,Panagiotis Tachtsidis,25,Greece,DM,2200000,Genoa CFC,1300000,2016
Torino FC,In,Samuel Gustafson,21,Sweden,DM,750000,BK Häcken,600000,2016
Torino FC,In,Carlão,30,Brazil,CB,800000,APOEL Nicosia,500000,2016
Torino FC,In,Arlind Ajeti,22,"Albania, Switzerland",CB,1500000,Frosinone Calcio,0,2016
Torino FC,In,Lucas Boyé,20,"Argentina, Italy",CF,1750000,CA River Plate,0,2016
Torino FC,In,Gianluca Piccoli,19,Italy,CM,50000,Torino Primavera,Other,2016
Torino FC,In,Jacopo Segre,19,Italy,CM,75000,Torino Primavera,Other,2016
Torino FC,In,Simone Edera,19,Italy,RW,200000,Torino Primavera,Other,2016
Torino FC,Out,Kamil Glik,28,"Poland, Germany",CB,250000,AS Monaco,11000000,2016
Torino FC,Out,Josef Martínez,23,"Venezuela, United States",CF,2000000,Atlanta United FC,4500000,2016
Torino FC,Out,Fabio Quagliarella,33,Italy,CF,Other,UC Sampdoria,2750000,2016
Torino FC,Out,Juan Sánchez Miño,26,"Argentina, Italy",LB,100000,CA Independiente,1280000,2016
Torino FC,Out,Alessandro Gazzi,33,Italy,DM,Other,US Palermo,700000,2016
Torino FC,Out,Luca Parodi,21,Italy,RB,300000,Feralpisalò,100000,2016
Torino FC,Out,Cesare Bovo,33,Italy,CB,Other,Delfino Pescara 1936,100000,2016
Torino FC,Out,Sergiu Suciu,26,"Romania, Italy",CM,75000,Pordenone Calcio,0,2016
Torino FC,Out,Matteo Fissore,20,Italy,CB,75000,US Alessandria Calcio 1912,0,2016
Torino FC,Out,Alexander Farnerud,32,Sweden,CM,Other,BK Häcken,0,2016
Torino FC,Out,Nicholas Lentini,19,Italy,GK,Other,ASDC Gozzano,0,2016
Torino FC,Out,Vasyl Pryima,25,Ukraine,CB,Other,Frosinone Calcio,0,2016
Torino FC,Out,Lys Gomis,26,"Senegal, Italy",GK,Other,US Lecce,0,2016
Torino FC,Out,Facundo Lescano,20,"Argentina, Italy",CF,700000,Igea Virtus Barcellona,0,2016
Torino FC,Out,Maurice Gomis,18,"Guinea-Bissau, Italy",GK,25000,AC Cuneo 1905,0,2016
Torino FC,Out,Giuseppe Vives,36,Italy,DM,Other,FC Pro Vercelli 1892,0,2016
Torino FC,Out,Claudio Morra,21,Italy,CF,500000,FC Pro Vercelli 1892,0,2016
Torino FC,Out,Alessandro Dalmasso,20,Italy,CB,50000,Pinerolo FC,Other,2016
Torino FC,Out,Emmanuel Gyasi,22,"Ghana, Italy",LW,1800000,US Pistoiese 1921,Other,2016
Torino FC,Out,Federico Proia,20,Italy,CM,550000,US Pistoiese 1921,Other,2016
Torino FC,Out,Mirco Bonfante,19,Italy,LW,Other,FBC Saronno 1910,Other,2016
Torino FC,Out,Luca Castellazzi,40,Italy,GK,Other,Retired,Other,2016
Udinese Calcio,In,Rodrigo de Paul,22,"Argentina, Italy",CM,2500000,Valencia CF,10000000,2016
Udinese Calcio,In,Kevin Lasagna,24,Italy,CF,2800000,Carpi FC 1909,5000000,2016
Udinese Calcio,In,Stipe Perica,20,Croatia,CF,1000000,Chelsea FC,4500000,2016
Udinese Calcio,In,Seko Fofana,21,"Cote d'Ivoire, France",CM,1500000,Manchester City U23,3500000,2016
Udinese Calcio,In,Ewandro Costa,20,Brazil,CM,1000000,São Paulo Futebol Clube,3000000,2016
Udinese Calcio,In,Pervis Estupiñán,18,"Ecuador, Spain",LB,600000,LDU Quito,500000,2016
Udinese Calcio,In,Gabriele Angella,27,Italy,CB,2000000,Watford FC,0,2016
Udinese Calcio,In,Hamdi Harbaoui,31,"Tunisia, Belgium",CF,2000000,KSC Lokeren (- 2020),0,2016
Udinese Calcio,In,Yrondu Musavu-King,24,"Gabon, France",CB,800000,Granada CF,0,2016
Udinese Calcio,In,Samuele Perisan,18,Italy,GK,100000,Udinese Primavera,Other,2016
Udinese Calcio,In,Simone Pontisso,19,Italy,DM,300000,Udinese Primavera,Other,2016
Udinese Calcio,Out,Piotr Zieliński,22,"Poland, Italy",CM,22000000,SSC Napoli,16000000,2016
Udinese Calcio,Out,Nicolás López,22,Uruguay,CF,2000000,Sport Club Internacional,9100000,2016
Udinese Calcio,Out,Valerio Verre,22,Italy,AM,1200000,Delfino Pescara 1936,4000000,2016
Udinese Calcio,Out,Iván Piris,27,"Paraguay, Italy",RB,250000,CF Monterrey,1000000,2016
Udinese Calcio,Out,Gabriel Torje,26,Romania,RW,100000,Terek Grozny,1000000,2016
Udinese Calcio,Out,Guglielmo Vicario,19,Italy,GK,35000000,Venezia FC,Other,2016
Udinese Calcio,Out,Rafael Romo,26,"Venezuela, Spain",GK,450000,AEL Limassol,0,2016
Udinese Calcio,Out,Matija Radikon,20,Slovenia,GK,Other,NK Brda,0,2016
Udinese Calcio,Out,Daniele Mori,26,Italy,CB,Other,SS Sambenedettese,0,2016
Udinese Calcio,Out,Aleksandar Boskovic,20,"Slovenia, Croatia",CB,Other,Madre Pietra Daunia,0,2016
Udinese Calcio,Out,Maurizio Domizzi,36,Italy,CB,Other,Venezia FC,0,2016
Udinese Calcio,Out,Manuel Iturra,32,"Chile, Italy",DM,Other,Club Necaxa,0,2016
Udinese Calcio,Out,Joan Bonilla,20,"Colombia, Italy",RB,Other,US Adriese 1906,0,2016
Udinese Calcio,Out,Uche Agbo,20,Nigeria,DM,225000,Watford FC,0,2016
Udinese Calcio,Out,Luca Bezzo,20,Italy,AM,Other,Polisportiva Tamai,0,2016
Udinese Calcio,Out,Jaime Romero,25,Spain,RW,Other,CA Osasuna,0,2016
Udinese Calcio,Out,Alexander Merkel,24,"Kazakhstan, Germany",CM,750000,AC Pisa 1909,0,2016
Udinese Calcio,Out,Jádson,23,Brazil,CM,1000000,Associação Atlética Ponte Preta,Other,2016
Udinese Calcio,Out,Frano Mlinar,24,Croatia,DM,150000,FC Wil 1900,Other,2016
Udinese Calcio,Out,Marquinho,30,Brazil,AM,Other,Fluminense Football Club,Other,2016
Udinese Calcio,Out,Alexis Zapata,21,Colombia,AM,450000,Millonarios FC,Other,2016
Udinese Calcio,Out,Hamdi Harbaoui,31,"Tunisia, Belgium",CF,Other,RSC Anderlecht,Other,2016
Udinese Calcio,Out,Davide Marsura,22,Italy,LW,375000,Venezia FC,Other,2016
Udinese Calcio,Out,Pablo Armero,30,Colombia,LM,Other,Esporte Clube Bahia,Other,2016
Udinese Calcio,Out,Zeljko Brkic,29,Serbia,GK,Other,PAOK Thessaloniki,Other,2016
Udinese Calcio,Out,Wojciech Pawlowski,23,Poland,GK,Other,Without Club,Other,2016
Udinese Calcio,Out,Antonio Di Natale,38,Italy,CF,Other,Retired,Other,2016
Udinese Calcio,Out,Giovanni Pasquale,34,Italy,LM,Other,Retired,Other,2016
Udinese Calcio,Out,Francesco Lodi,32,Italy,DM,Other,Without Club,Other,2016
Udinese Calcio,Out,Neuton,26,"Brazil, Italy",CB,Other,Without Club,Other,2016